-- phpMyAdmin SQL Dump
-- version 3.4.5deb1
-- http://www.phpmyadmin.net
--
-- Host: localhost
-- Generation Time: Jan 10, 2012 at 02:58 PM
-- Server version: 5.1.58
-- PHP Version: 5.3.6-13ubuntu3.3

SET SQL_MODE="NO_AUTO_VALUE_ON_ZERO";
SET time_zone = "+00:00";


/*!40101 SET @OLD_CHARACTER_SET_CLIENT=@@CHARACTER_SET_CLIENT */;
/*!40101 SET @OLD_CHARACTER_SET_RESULTS=@@CHARACTER_SET_RESULTS */;
/*!40101 SET @OLD_COLLATION_CONNECTION=@@COLLATION_CONNECTION */;
/*!40101 SET NAMES utf8 */;

--
-- Database: `futbol`
--
CREATE DATABASE `futbol` DEFAULT CHARACTER SET latin1 COLLATE latin1_swedish_ci;
USE `futbol`;

-- --------------------------------------------------------

--
-- Table structure for table `equipo`
--

CREATE TABLE IF NOT EXISTS `equipo` (
  `equipo_cod` int(11) DEFAULT NULL,
  `nombre` varchar(50) DEFAULT NULL,
  `fundacion` varchar(20) DEFAULT NULL,
  `presidente` varchar(50) DEFAULT NULL,
  `presupuesto` int(11) DEFAULT NULL,
  `equipacion` varchar(30) DEFAULT NULL,
  `foto_equipo` varchar(50) DEFAULT NULL,
  `foto_escudo` varchar(50) DEFAULT NULL,
  `pagina_web` varchar(50) DEFAULT NULL
) ENGINE=MyISAM DEFAULT CHARSET=latin1;

--
-- Dumping data for table `equipo`
--

INSERT INTO `equipo` (`equipo_cod`, `nombre`, `fundacion`, `presidente`, `presupuesto`, `equipacion`, `foto_equipo`, `foto_escudo`, `pagina_web`) VALUES
(1, 'Real Madrid', '1902', 'Florentino Pérez', 225000000, 'Blanco', 'madrid_team.jpg', 'realma.gif', 'http://www.realmadrid.com'),
(2, 'Alavés', '1921', 'Gonzalo Antón', 12000000, 'Azul y Blanca', 'alaves_team.jpg', 'alaves.gif', 'http://www.alaves.com'),
(3, 'Athletic de Bilbao', '1898', 'Javier Uría', 35000000, 'Roja y Blanca', 'bilbao_team.jpg', 'athl.gif', 'http://www.athletic-club.es'),
(4, 'F.C. Barcelona', '1899', 'Joan Gaspart', 162700000, 'Blaugrana', 'barcelona_team.jpg', 'barca.gif', 'http://www.fcbarcelona.com'),
(5, 'Real Betis', '1907', 'Manuel Ruiz de Lopera', 48000000, 'Verde y Blanca', 'betis_team.jpg', 'betis.gif', 'http://www.realbetisbalompie.es'),
(6, 'Club Celta de Vigo', '1923', 'Horacio Gómez', 33000000, 'AlbiCeleste', 'celta_team.jpg', 'celta.gif', 'http://www.celtavigo.net'),
(7, 'Deportivo de la Coruña', '1906', 'Augusto César Lendoiro', 75000000, 'BlanquiAzul', 'depor_team.jpg', 'depor.gif', 'http://www.canaldeportivo.com'),
(8, 'Club Espanyol', '1900', 'Daniel Sánchez Llibre', 26000000, 'Azul y Blanca', 'espanol_team.jpg', 'espanol.gif', 'http://www.rcdespanyol.com'),
(9, 'Atlético de Madrid', '1903', 'Enrique Cerezo', 54000000, 'RojiBlanca', 'atletico_team.jpg', 'atletico.gif', 'http://www.clubatleticodemadrid.com'),
(10, 'Las Palmas', '1949', 'Desconocido', 6000000, 'Amarillo y Azul', 'laspalmas_team.jpg', 'laspalmas.gif', 'http://www.udlaspalmas.es'),
(11, 'Málaga', '1921', 'Serafín Roldán', 24000000, 'Azul y Blanca', 'malaga_team.jpg', 'malaga.gif', 'http://www.malagacf.es'),
(12, 'Mallorca', '1916', 'Mateo Alemany', 36000000, 'Rojo y Negro', 'mallorca_team.jpg', 'mallorca.gif', 'http://www.rcdmallorca.es'),
(13, 'Osasuna', '1920', 'Patxi Izco', 13000000, 'Rojo y Negro', 'osasuna_team.jpg', 'osasu.gif', 'http://www.osasuna.es'),
(14, 'Rayo Vallecano', '1924', 'Teresa Rivero', 12000000, 'Blanco y Rojo', 'rayo_team.jpg', 'rayo.gif', 'http://www.rayovallecano.es'),
(15, 'Real Sociedad', '1909', 'José Luis Astiazarán', 35000000, 'Azul y Blanco', 'sociedad_team.jpg', 'realso.gif', 'http://www.realsociedad.com'),
(16, 'Sevilla', '1905', 'José María del Nido', 24000000, 'Rojo y Blanco', 'sevilla_team.jpg', 'sevilla.gif', 'http://www.sevillafc.es'),
(17, 'Tenerife', '1922', 'Desconocido', 21000000, 'Blanco y Azul', 'tenerife_team.jpg', 'tenerif.gif', 'http://www.cdtenerife.com'),
(18, 'Valencia', '1919', 'Jaime Ortí', 90000000, 'Blanco y Negro', 'valencia_team.jpg', 'valenci.gif', 'http://www.valenciacf.es'),
(19, 'Valladolid', '1928', 'Carlos Suárez', 18000000, 'Morado y Blanco', 'valladolid_team.jpg', 'vallad.gif', 'http://www.realvalladolid.es'),
(20, 'Real Zaragoza', '1932', 'Desconocido', 18000000, 'Blanco y Azul', 'zaragoza_team.jpg', 'zarago.gif', 'http://www.realzaragoza.com'),
(21, 'Villarreal', '1923', 'Fernando Roig', 27000000, 'Amarillo y Azul', 'villareal_team.jpg', 'villareal.gif', 'http://www.villarrealcf.es');

-- --------------------------------------------------------

--
-- Table structure for table `estadio`
--

CREATE TABLE IF NOT EXISTS `estadio` (
  `equipo_cod` int(11) DEFAULT NULL,
  `estadio_cod` int(11) DEFAULT NULL,
  `nombre` varchar(50) DEFAULT NULL,
  `direccion` varchar(50) DEFAULT NULL,
  `construccion` varchar(20) DEFAULT NULL,
  `aforo` int(11) DEFAULT NULL,
  `foto_estadio` varchar(50) DEFAULT NULL
) ENGINE=MyISAM DEFAULT CHARSET=latin1;

--
-- Dumping data for table `estadio`
--

INSERT INTO `estadio` (`equipo_cod`, `estadio_cod`, `nombre`, `direccion`, `construccion`, `aforo`, `foto_estadio`) VALUES
(2, 22, 'MENDIZORROZA', 'P. Cervantes', '1924', 19200, 'alaves_estad.gif'),
(3, 23, 'SAN MAMÉS', 'C/Felipe Serrate', '1913', 40000, 'sanmames.gif'),
(4, 24, 'CAMP NOU', 'Avd. Arístides Maillol', '1957', 98600, 'campnou.gif'),
(5, 25, 'RUIZ DE LOPERA', 'Avd. Heliópolis', '1929', 52500, 'emrlopera.jpg'),
(6, 26, 'BALAÍDOS', 'Avd. Balaídos', '1928', 31800, 'celtaestadio.gif'),
(7, 27, 'RIAZOR', 'C/ Manuel Murgia', '1944', 35600, 'riazor.gif'),
(8, 28, 'OLÍMPICO LLUIS COMPANYS', 'P. Olímpico, 17', '1989', 56000, 'espanyol_est.gif'),
(9, 29, 'VICENTE CALDERON', 'P. Virgen del Puerto, 67', '1966', 56163, 'calderon.jpg'),
(10, 30, 'INSULAR', 'C/Felipe Serrate', '1949', 22000, 'insular.gif'),
(11, 31, 'LA ROSALEDA', 'P. Martiricos', '1941', 25000, 'rosaleda.jpg'),
(12, 32, 'SON MOIX', 'Camí dels Reis', '1999', 23142, 'sonmoix.jpg'),
(13, 33, 'EL SADAR', 'Ctra. El Sadar', '1967', 19980, 'osasuna_est.gif'),
(14, 34, 'TERESA RIVERO', 'C/Payaso Fofó', '1976', 15500, 'rayoestadio.gif'),
(15, 35, 'ANOETA', 'P. Anoeta, 1', '1993', 32000, 'anoeta.gif'),
(16, 36, 'SÁNCHEZ PIZJUÁN', 'Avd. Eduardo Dato', '1958', 45500, 'pizjuan.jpg'),
(17, 37, 'HELIODORO RODRIGUEZ', 'C/Payaso Fofó', '1965', 25000, 'heliodoro.jpg'),
(18, 38, 'MESTALLA', 'Avd, de Suecia', '1923', 49092, 'mestalla.gif'),
(19, 39, 'NUEVO JOSÉ ZORRILLA', 'Avd. Mundial 82', '1982', 26512, 'zorrilla.gif'),
(20, 40, 'LA ROMAREDA', 'C/Gatito Lindo', '1978', 35000, 'romareda.gif'),
(21, 41, 'EL MADRIGAL', 'Blasco Ibáñez, 2', '1923', 22000, 'madrigal.jpg'),
(1, 42, 'SANTIAGO BERNABEU', 'Concha Espina, 1', '1963', 78500, 'bernabeu.gif');

-- --------------------------------------------------------

--
-- Table structure for table `jugador`
--

CREATE TABLE IF NOT EXISTS `jugador` (
  `equipo_cod` int(11) DEFAULT NULL,
  `jugador_cod` varchar(20) DEFAULT NULL,
  `nombre` varchar(50) DEFAULT NULL,
  `apellidos` varchar(50) DEFAULT NULL,
  `demarcacion` int(11) DEFAULT NULL,
  `nacionalidad` int(11) DEFAULT NULL,
  `numero_camiseta` int(11) DEFAULT NULL,
  `calidad` int(11) DEFAULT NULL,
  `velocidad` int(11) DEFAULT NULL,
  `vision` int(11) DEFAULT NULL,
  `nombre_jugador` varchar(50) DEFAULT NULL,
  `descripcion` varchar(150) DEFAULT NULL
) ENGINE=MyISAM DEFAULT CHARSET=latin1;

--
-- Dumping data for table `jugador`
--

INSERT INTO `jugador` (`equipo_cod`, `jugador_cod`, `nombre`, `apellidos`, `demarcacion`, `nacionalidad`, `numero_camiseta`, `calidad`, `velocidad`, `vision`, `nombre_jugador`, `descripcion`) VALUES
(18, '374', 'Cristian', 'González', 3, 1, 18, 8, 8, 8, '"KILY" GONZALEZ', 'Normal'),
(13, '257', 'Leonel', 'Fernando Gancedo', 3, 1, 23, 4, 5, 6, '"PIPA" GANCEDO', 'Normal'),
(4, '71', 'Abelardo', 'Fernández Antuña', 1, 13, 5, 7, 7, 7, 'ABELARDO', 'Buen defensa, gran colocación, está al final de su carrera, jugador lento y duro'),
(20, '439', 'Roberto', 'Miguel Acuña', 3, 25, 20, 7, 6, 8, 'ACUÑA', 'Normal'),
(8, '174', 'David', 'Aganzo Mendez', 3, 13, 17, 4, 5, 5, 'AGANZO', 'Normal'),
(20, '431', 'Xavier', 'Aguado Companys', 1, 13, 6, 4, 4, 4, 'AGUADO', 'Normal'),
(18, '377', 'Pablo', 'Aimar', 3, 1, 21, 9, 8, 9, 'AIMAR', 'Normal'),
(3, '47', 'Aitor', 'Ocio Carrion', 1, 13, 22, 5, 5, 5, 'AITOR OCIO', 'Este ni siquiera juega, eterno suplente'),
(18, '371', 'David', 'Albelda Aliques', 3, 13, 6, 4, 4, 3, 'ALBELDA', 'Normal'),
(15, '291', 'Alberto', 'López Fernández', 4, 13, 1, 4, 5, 6, 'ALBERTO', 'Normal'),
(10, '196', 'Andrés', 'Alberto Hernández', 3, 13, 14, 5, 5, 5, 'ALBERTO', 'Normal'),
(14, '268', 'Angel Luis', 'Alcazar', 1, 13, 6, 5, 4, 4, 'ALCAZAR', 'Normal'),
(15, '306', 'Alberto', 'Alejandro', 3, 13, 21, 4, 5, 4, 'ALEJANDRO', 'Normal'),
(8, '168', 'Alex', 'Fernández Sánchez', 3, 13, 22, 3, 5, 1, 'ALEX FERNANDEZ', 'Normal'),
(17, '340', 'J.A.', 'Suarez Alexis', 1, 13, 3, 5, 5, 4, 'ALEXIS', 'Normal'),
(16, '321', 'Alfonso', 'Vera', 3, 34, 21, 2, 2, 2, 'ALFONSO', 'Normal'),
(4, '89', 'Alfonso', 'Pérez Muñoz', 2, 13, 20, 9, 9, 9, 'ALFONSO', 'Un gran delantero, está acabado, pero ha sido uno de los mejores en el uno contra uno, letal cerca del área'),
(13, '254', 'Alfredo', 'Sánchez Benito', 3, 13, 6, 5, 4, 1, 'ALFREDO', 'Normal'),
(3, '57', 'Bittor', 'Alkiza Fernández', 3, 13, 18, 7, 8, 8, 'ALKIZA', 'Al final de su carrera, gran mediocentro, buena visión de juego'),
(3, '48', 'Rafael', 'Alkorta Martínez', 1, 13, 4, 7, 8, 6, 'ALKORTA', 'Defensa al final de su carrera, muy veloz y con buena calidad, ya no es lo que era'),
(13, '264', 'John', 'Aloisi', 2, 2, 20, 5, 5, 5, 'ALOISI', 'Normal'),
(1, '19', 'Alvaro', 'Benito Villar', 3, 13, 22, 4, 4, 4, 'ALVARO', 'Promesa del Real Madrid, ha jugado pocos minutos'),
(5, '109', 'Gabriel', 'Amato', 2, 1, 9, 8, 7, 7, 'AMATO', 'Normal'),
(7, '147', 'Jose Emilio', 'Amavisca', 3, 13, 11, 6, 5, 5, 'AMAVISCA', 'Normal'),
(21, '417', 'Guillermo', 'Amor', 3, 13, 17, 7, 6, 7, 'AMOR', 'Normal'),
(4, '69', 'Patrik', 'Andersson', 1, 31, 4, 5, 5, 5, 'ANDERSSON', 'No me acuerdo quien es'),
(10, '190', 'Angel', 'López Ruano', 3, 13, 31, 1, 1, 1, 'ANGEL', 'Normal'),
(18, '364', 'Jocelyn', 'Angloma', 1, 15, 20, 7, 9, 8, 'ANGLOMA', 'Normal'),
(18, '378', 'Miguel Angel', 'Angulo', 2, 13, 10, 7, 8, 8, 'ANGULO', 'Normal'),
(17, '348', 'Antonio', 'Hidalgo', 3, 13, 8, 4, 4, 1, 'ANTONIO', 'Normal'),
(19, '394', 'Antonio', 'López Alvarez', 1, 13, 15, 3, 2, 1, 'ANTONIO LOPEZ', 'Normal'),
(16, '332', 'Antoñito', 'Ramiro', 2, 13, 27, 5, 5, 5, 'ANTOÑITO', 'Normal'),
(20, '440', 'Santiago', 'Aragón Martínez', 3, 13, 8, 7, 6, 8, 'ARAGON', 'Normal'),
(15, '300', 'Mikel', 'Aramburu Eizaguirre', 3, 13, 11, 4, 4, 6, 'ARAMBURU', 'Normal'),
(15, '293', 'Agustín', 'Aranzabal Alkorta', 1, 13, 3, 6, 7, 6, 'ARANZABAL', 'Normal'),
(3, '45', 'David', 'Aranzubia Jurado', 4, 13, 25, 5, 6, 6, 'ARANZUBIA', 'Pos no tengo ni idea'),
(8, '159', 'Alfredo', 'Argenso Da Silva', 4, 13, 13, 2, 3, 3, 'ARGENSO', 'Normal'),
(13, '262', 'Mariano Andrés', 'Armentano', 2, 1, 11, 7, 5, 5, 'ARMENTANO', 'Normal'),
(11, '202', 'Francesc', 'Arnau', 4, 13, 25, 1, 1, 1, 'ARNAU', 'Normal'),
(21, '410', 'Becerri Rodolfo', 'Martín Arruabarrena', 1, 1, 3, 5, 5, 6, 'ARRUABARRENA', 'Normal'),
(14, '284', 'Moisés', 'Arteaga', 3, 13, 25, 7, 7, 6, 'ARTEAGA', 'Normal'),
(15, '292', 'Mattias', 'Asper', 4, 31, 13, 5, 5, 5, 'ASPER', 'Normal'),
(2, '31', 'Mauricio', 'Astudillo Martín', 3, 1, 18, 5, 4, 6, 'ASTUDILLO', 'Mediocentro con bastante calidad y visión de juego'),
(18, '365', 'Roberto', 'Fabián Ayala', 1, 1, 4, 9, 7, 9, 'AYALA', 'Normal'),
(14, '274', 'Jorge', 'Azkoitia', 1, 13, 18, 4, 4, 5, 'AZKOITIA', 'Normal'),
(21, '411', 'Sergio', 'Martinez Ballesteros', 1, 13, 23, 5, 6, 6, 'BALLESTEROS', 'Normal'),
(18, '372', 'Ruben', 'Baraja Vegas', 3, 13, 8, 7, 7, 7, 'BARAJA', 'Normal'),
(15, '301', 'José Javier', 'Barkero', 3, 13, 20, 4, 5, 6, 'BARKERO', 'Normal'),
(17, '341', 'Federico', 'Basavilbaso', 1, 1, 23, 2, 2, 3, 'BASAVILBASO', 'Normal'),
(5, '100', 'David', 'Belenguer', 3, 13, 12, 4, 4, 4, 'BELENGUER', 'Normal'),
(8, '175', 'Miguel Angel', 'Benitez Pavón', 2, 13, 10, 6, 8, 6, 'BENITEZ', 'Normal'),
(5, '101', 'Benjamin', 'Zarandona', 3, 13, 23, 5, 3, 5, 'BENJAMIN', 'Normal'),
(6, '115', 'Magnolo', 'Eduardo Berizzo', 1, 1, 6, 5, 5, 5, 'BERIZZO', 'Normal'),
(17, '342', 'David', 'Bermudo', 1, 13, 19, 2, 2, 2, 'BERMUDO', 'Normal'),
(21, '412', 'Ignacio', 'Berruet', 1, 13, 4, 5, 6, 5, 'BERRUET', 'Normal'),
(12, '241', 'Leonardo', 'Angel Biagini', 2, 1, 8, 6, 8, 5, 'BIAGINI', 'Normal'),
(17, '349', 'Manuel', 'Albino', 3, 27, 18, 2, 2, 2, 'BINO', 'Normal'),
(19, '384', 'Albano', 'Benjamin Bizarri', 4, 1, 25, 5, 7, 5, 'BIZARRI', 'Normal'),
(6, '131', 'Zvonimir', 'Boban', 3, 12, 16, 9, 6, 8, 'BOBAN', 'Normal'),
(14, '287', 'Elvir', 'Bolic', 2, 5, 11, 5, 4, 3, 'BOLIC', 'Normal'),
(14, '288', 'Jon', 'Pérez Alonso', 2, 13, 21, 5, 4, 2, 'BOLO', 'Normal'),
(4, '67', 'Roberto', 'Oscar Bonano', 4, 1, 1, 5, 7, 7, 'BONANO', 'Al final de su carrera, portero al estilo argentino, en el uno contra uno es muy bueno'),
(11, '204', 'Francisco', 'Javier López', 1, 13, 3, 4, 5, 3, 'BRAVO', 'Normal'),
(6, '116', 'Fernando', 'Gabriel Caceres', 1, 1, 4, 7, 5, 7, 'CACERES', 'Normal'),
(21, '418', 'Diego', 'Martinez Cagna', 3, 1, 10, 5, 5, 4, 'CAGNA', 'Normal'),
(5, '106', 'José', 'Calado', 3, 27, 5, 4, 4, 4, 'CALADO', 'Normal'),
(11, '222', 'Pablo', 'Calandria', 2, 18, 16, 5, 6, 6, 'CALANDRIA', 'Normal'),
(21, '419', 'Javier', 'Calleja', 3, 13, 22, 3, 2, 4, 'CALLEJA', 'Normal'),
(19, '395', 'José Luis', 'Pérez Caminero', 3, 13, 21, 8, 5, 8, 'CAMINERO', 'Normal'),
(11, '220', 'Manuel', 'Canabal', 2, 13, 24, 4, 3, 2, 'CANABAL', 'Normal'),
(13, '259', 'David', 'Sánchez Cano', 3, 13, 17, 4, 4, 4, 'CANO', 'Normal'),
(5, '102', 'Juan José', 'Cañas', 3, 13, 10, 5, 5, 5, 'CAÑAS', 'Normal'),
(18, '361', 'Santiago', 'Cañizares Ruiz', 4, 13, 1, 7, 8, 7, 'CAÑIZARES', 'Normal'),
(7, '137', 'Joan', 'Capdevilla Méndez', 1, 13, 15, 1, 1, 1, 'CAPDEVILLA', 'Normal'),
(5, '103', 'Jesus', 'Capitan', 3, 13, 14, 3, 3, 3, 'CAPI', 'Normal'),
(18, '366', 'Amedeo', 'Carboni', 1, 18, 15, 4, 8, 4, 'CARBONI', 'Normal'),
(18, '379', 'John', 'Carew', 2, 23, 7, 6, 8, 7, 'CAREW', 'Normal'),
(12, '243', 'Carlos', 'Domínguez Domínguez', 2, 13, 7, 5, 6, 5, 'CARLOS', 'Normal'),
(3, '49', 'Carlos', 'García García', 1, 13, 5, 5, 5, 5, 'CARLOS GARCIA', 'Mediocentro con muy buena subida ofensiva al ataque'),
(5, '110', 'Gaston', 'Casas', 2, 1, 19, 7, 7, 7, 'CASAS', 'Normal'),
(1, '1', 'Iker', 'Casillas Fernández', 4, 13, 1, 9, 8, 9, 'CASILLAS', 'Portero rápido y con excelente agilidad, uno de los mejores del mundo.  Falla por arriba.'),
(16, '322', 'Francisco', 'Casquero', 3, 13, 22, 5, 5, 5, 'CASQUERO', 'Normal'),
(5, '104', 'Francisco Javier', 'Castaño', 3, 13, 8, 5, 3, 5, 'CASTAÑO', 'Normal'),
(6, '133', 'Henrique', 'Da Silva', 2, 6, 24, 5, 8, 5, 'CATANHA', 'Normal'),
(6, '113', 'Pablo', 'Cavallero Rodriguez', 4, 1, 1, 5, 2, 5, 'CAVALLERO', 'Normal'),
(1, '12', 'Albert', 'Celades López', 3, 13, 20, 6, 5, 6, 'CELADES', 'Mediocentro lento, con poca calidad, pero con visión de juego y recuperador de balones'),
(1, '2', 'Cesar', 'Sánchez Domínguez', 4, 13, 25, 7, 7, 6, 'CESAR', 'Segundo portero del Real Madrid, ágil, grandes reflejos, pero juega poco'),
(5, '111', 'Cesar', 'De Loma', 2, 13, 11, 2, 2, 2, 'CESAR', 'Normal'),
(7, '140', 'Cesar', 'Martín Villar', 1, 13, 5, 5, 5, 5, 'CESAR', 'Normal'),
(20, '446', 'Carlos', 'Narciso Chainho', 3, 27, 15, 5, 4, 4, 'CHAINHO', 'Normal'),
(17, '343', 'David', 'Charcos', 1, 13, 21, 4, 4, 4, 'CHARCOS', 'Normal'),
(19, '396', 'José Manuel', 'Jiménez', 3, 13, 14, 4, 5, 4, 'CHEMA', 'Normal'),
(4, '70', 'Philippe', 'Christanval', 1, 15, 17, 6, 5, 5, 'CHRISTANVAL', 'Fichaje penoso del barsa, ninguna calidad, poca colocación y lento, no sé de donde lo han sacado'),
(10, '181', 'Zelko', 'Cicovic', 4, 35, 1, 3, 2, 1, 'CICOVIC', 'Normal'),
(19, '397', 'Dragan', 'Ciric', 3, 35, 7, 4, 4, 3, 'CIRIC', 'Normal'),
(4, '76', 'Philip John', 'William Cocu', 3, 17, 8, 6, 7, 5, 'COCU', 'Mediocentro con clase, sabe colocarse, pero no es redondo, lo siento barsa'),
(6, '117', 'Pablo', 'Coira Lojo', 1, 13, 18, 5, 5, 5, 'COIRA', 'Normal'),
(2, '27', 'Fabricio', 'Coloccini', 1, 1, 2, 6, 5, 4, 'COLOCCINI', 'Muy buen defensa argentino, colocación, calidad, rapidez y dureza sin pasarse'),
(11, '201', 'Pedro', 'Contreras González', 4, 13, 13, 6, 5, 3, 'CONTRERAS', 'Normal'),
(14, '269', 'Sergio', 'Corino', 1, 13, 20, 4, 4, 4, 'CORINO', 'Normal'),
(14, '270', 'Jesus', 'Diego Cota', 1, 13, 2, 6, 6, 5, 'COTA', 'Normal'),
(21, '425', 'Gheorghe', 'Craioveanu', 2, 28, 8, 7, 7, 7, 'CRAIOVEANU', 'Normal'),
(5, '99', 'Diego', 'Crosa', 1, 13, 4, 6, 5, 5, 'CROSA', 'Normal'),
(13, '248', 'César', 'Cruchaga Lasa', 1, 13, 7, 5, 6, 5, 'CRUCHAGA', 'Normal'),
(20, '432', 'Carlos', 'Cuartero Laforga', 1, 13, 4, 5, 5, 5, 'CUARTERO', 'Normal'),
(19, '406', 'Cuauhtemoc', 'Blanco Bravo', 2, 21, 11, 5, 2, 5, 'CUAUHTEMOC', 'Normal'),
(18, '368', 'Curro', 'Torres Ruiz', 1, 13, 23, 4, 5, 4, 'CURRO TORRES', 'Normal'),
(17, '351', 'Dani', 'González', 3, 13, 7, 4, 2, 2, 'DANI', 'Normal'),
(4, '85', 'Daniel', 'García Lara', 2, 13, 19, 6, 6, 6, 'DANI', 'Delantero que ha destrozado su carrera'),
(11, '221', 'Debray', 'Dario Silva Pereira', 2, 34, 9, 6, 7, 6, 'DARIO SILVA', 'Normal'),
(16, '315', 'David', 'Castero', 1, 13, 3, 4, 4, 4, 'DAVID', 'Normal'),
(8, '160', 'David', 'Garcia', 4, 13, 19, 2, 2, 2, 'DAVID GARCIA', 'Normal'),
(4, '72', 'Frank', 'De Boer', 1, 17, 3, 7, 7, 7, 'DE BOER', 'Central muy rápido y con gran tiro y gol'),
(2, '33', 'Sergio', 'De la Cruz Suarez', 3, 13, 27, 4, 4, 5, 'DE LA CRUZ', 'Pos no sé'),
(18, '375', 'Gonzalo', 'De los Santos', 3, 34, 22, 8, 7, 8, 'DE LOS SANTOS', 'Normal'),
(8, '176', 'Enrique', 'De Lucas Martinez', 2, 13, 14, 7, 6, 8, 'DE LUCAS', 'Normal'),
(15, '310', 'Oscar', 'De Paula Gamero', 2, 13, 9, 5, 4, 4, 'DE PAULA', 'Normal'),
(15, '302', 'Francisco Javier', 'De Pedro', 3, 13, 10, 8, 8, 9, 'DE PEDRO', 'Normal'),
(14, '271', 'Ramón', 'De Quintana Dalmau', 1, 13, 4, 5, 5, 6, 'DE QUINTANA', 'Normal'),
(3, '55', 'Asier', 'Del Horno Cosgaya', 1, 13, 19, 4, 4, 4, 'DEL HORNO', 'Promesa del futbol bilbaino, impetuoso'),
(11, '223', 'Julio César', 'Dely Valdes', 2, 24, 7, 8, 8, 6, 'DELY VALDES', 'Normal'),
(15, '311', 'Demetrdze', 'Siordd', 2, 33, 7, 3, 2, 1, 'DEMETRADZE', 'Normal'),
(5, '105', 'Denilson', 'De Oliveira', 3, 6, 16, 8, 8, 8, 'DENILSON', 'Normal'),
(2, '34', 'Hermes', 'Aldo Desio', 3, 1, 16, 7, 6, 5, 'DESIO', 'Brasileño estilo duro, cortador del juego'),
(7, '156', 'Diego', 'Tristan Herrera', 2, 13, 9, 7, 5, 4, 'DIEGO TRISTAN', 'Normal'),
(7, '149', 'Djalma', 'Feitosa Díaz', 3, 6, 8, 10, 7, 10, 'DJALMINHA', 'Normal'),
(7, '138', 'Goran', 'Djorovic', 1, 35, 19, 1, 1, 1, 'DJOROVIC', 'Normal'),
(18, '367', 'Miroslav', 'Djukic', 1, 35, 5, 8, 6, 7, 'DJUKIC', 'Normal'),
(7, '141', 'Donato', 'Gama da Silva', 1, 6, 20, 8, 5, 6, 'DONATO', 'Normal'),
(6, '122', 'Doriva', 'Guidoni Junior', 3, 6, 15, 6, 7, 6, 'DORIVA', 'Normal'),
(20, '451', 'Goran', 'Drulic', 2, 35, 22, 1, 2, 2, 'DRULIC', 'Normal'),
(11, '212', 'Sergio', 'Barbosa Duda', 3, 27, 22, 2, 3, 2, 'DUDA', 'Normal'),
(7, '150', 'Aldo', 'Pedro Duscher', 3, 1, 23, 5, 5, 5, 'DUSCHER', 'Normal'),
(11, '213', 'Edgar', 'Carvalho', 3, 27, 10, 4, 5, 2, 'EDGAR', 'Normal'),
(6, '123', 'Luis', 'Eduardo Schmidt', 2, 6, 19, 7, 8, 6, 'EDÚ', 'Normal'),
(10, '191', 'Edu', 'Alonso Alvarz', 3, 13, 21, 2, 1, 3, 'EDU ALONSO', 'Normal'),
(2, '28', 'Dan', 'Eggen', 1, 23, 4, 5, 5, 5, 'EGGEN', 'No sé como juega con la bola'),
(10, '192', 'Eloy', 'Jimenez', 3, 13, 7, 2, 3, 3, 'ELOY', 'Normal'),
(7, '151', 'Emerson', 'Moisés Costa', 3, 6, 14, 2, 3, 2, 'EMERSON', 'Normal'),
(12, '235', 'Vicente', 'Engonga Maté', 3, 13, 23, 6, 6, 7, 'ENGONGA', 'Normal'),
(21, '420', 'Gerard', 'Revilla Escoda', 3, 13, 7, 3, 2, 1, 'ESCODA', 'Normal'),
(20, '437', 'José', 'De Araujo Esquerdinha', 1, 6, 25, 2, 2, 2, 'ESQUERDINHA', 'Normal'),
(12, '244', 'Samuel', 'EtoŽo', 2, 8, 9, 7, 8, 7, 'ETOÓ', 'Normal'),
(3, '65', 'Joseba', 'Etxeberria Lizardi', 2, 13, 17, 7, 6, 7, 'ETXEBERRIA', 'Muy buen extremo diestro, velocidad y sabe irse en el uno contra uno, abusa mucho del regate y del balón'),
(14, '266', 'Imanol', 'Etxeberria', 4, 13, 1, 4, 4, 4, 'ETXEBERRIA', 'Normal'),
(19, '398', 'Eusebio', 'Sacristán Mena', 3, 13, 10, 7, 5, 5, 'EUSEBIO', 'Normal'),
(3, '64', 'Santiago', 'Ezquerro Martín', 2, 13, 9, 4, 5, 4, 'EZQUERRO', 'Buen delantero, tiene calidad en el uno contra uno, es mejor pasador que goleador'),
(18, '369', 'Fabio', 'Aurelio Rodrigues', 1, 6, 3, 3, 3, 3, 'FABIO AURELIO', 'Normal'),
(12, '228', 'Faith', 'Akiel', 1, 32, 4, 2, 3, 3, 'FAITH', 'Normal'),
(3, '58', 'Felipe', 'Gurendez Aldamondo', 3, 13, 15, 4, 4, 4, 'FELIPE', 'No sé ni quien es'),
(19, '399', 'Fernando', 'Fernández Escribano', 3, 13, 24, 7, 5, 6, 'FERNANDO', 'Normal'),
(12, '229', 'Fernando', 'Niño Bejarano', 1, 13, 5, 4, 3, 2, 'FERNANDO NIÑO', 'Normal'),
(19, '400', 'Fernando', 'Sales de los Cobos', 3, 13, 22, 5, 4, 4, 'FERNANDO SALES', 'Normal'),
(11, '206', 'Fernando', 'Sanz Durán', 1, 13, 19, 4, 4, 4, 'FERNANDO SANZ', 'Normal'),
(9, '453', 'Fernando', 'Torres', 2, 13, 9, 8, 9, 8, 'FERNANDO TORRES', 'Jugador revelación en 2000, mucha velocidad y calidad'),
(20, '441', 'Jordi', 'Ferrón Forné', 3, 13, 18, 6, 6, 5, 'FERRON', 'Normal'),
(1, '13', 'Luis', 'Filipe Madeira', 3, 27, 10, 9, 8, 8, 'FIGO', 'Extremo derecho con un regate excelente.  gran jugador uno contra uno y muy buen centrador.  Luchador'),
(5, '93', 'Julian', 'Sebastián Filipescu', 1, 28, 21, 5, 5, 5, 'FILIPESCU', 'Normal'),
(1, '14', 'Flavio', 'Conceiçao', 3, 6, 16, 3, 3, 3, 'FLAVIO', 'Brasileño con buena calidad, pero no encaja el juego español, duro y buen disparo'),
(7, '152', 'Francisco', 'González Pérez', 3, 13, 10, 8, 6, 9, 'FRAN', 'Normal'),
(8, '162', 'Fran', 'Figueroa Alonso', 1, 13, 2, 5, 5, 5, 'FRAN', 'Normal'),
(16, '323', 'Francisco', 'Lama', 3, 13, 8, 1, 1, 1, 'FRANCISCO', 'Normal'),
(16, '324', 'Alfredo', 'Lobeira', 3, 13, 10, 3, 3, 3, 'FREDI', 'Normal'),
(15, '303', 'Igor', 'Gabilondo del Campo', 3, 13, 17, 7, 5, 6, 'GABILONDO', 'Normal'),
(4, '77', 'Gabriel', 'García de la Torre', 3, 13, 18, 3, 3, 3, 'GABRI', 'Lateral diestro con poca calidad y velocidad, no sé que hace en el barsa'),
(21, '423', 'Constantino', 'Galca', 3, 28, 5, 7, 6, 5, 'GALCA', 'Normal'),
(16, '333', 'Francisco', 'Gallardo', 2, 13, 7, 5, 4, 4, 'GALLARDO', 'Normal'),
(20, '450', 'Luciano', 'Galleti', 2, 1, 24, 1, 1, 1, 'GALLETI', 'Normal'),
(21, '413', 'Michelena', 'Jesús Galván', 1, 13, 14, 4, 5, 5, 'GALVAN', 'Normal'),
(20, '442', 'Ander', 'Garitano Urquizu', 3, 13, 10, 4, 7, 7, 'GARITANO', 'Normal'),
(19, '390', 'Gaspar', 'Gálvez', 1, 13, 4, 4, 5, 5, 'GASPAR', 'Normal'),
(5, '90', 'Ronald', 'Gaspersic', 4, 3, 13, 4, 4, 4, 'GASPERSIC', 'Normal'),
(2, '35', 'Delfi', 'Geli Roura', 3, 13, 7, 4, 4, 4, 'GELI', 'Lateral derecho con gran fuerza y velocidad. Al final de su carrera'),
(4, '82', 'Geovanni', 'Deiberson Mauricio', 3, 6, 22, 1, 2, 2, 'GEOVANNI', 'Este ya no juega, brasileño y con calidad'),
(4, '78', 'Gerard', 'López Segú', 3, 13, 14, 7, 5, 7, 'GERARD', 'Gran calidad y visión de juego, pero no encaja en el equipo'),
(11, '214', 'Gerardo', 'García', 3, 13, 15, 4, 4, 4, 'GERARDO', 'Normal'),
(1, '4', 'Geremi', 'Nitjap Fotso', 1, 8, 15, 3, 3, 3, 'GEREMI', 'Jugador con muy poca técnica, pero fuerte y veloz'),
(17, '352', 'German', 'García Yanes', 3, 13, 24, 4, 5, 5, 'GERMAN', 'Normal'),
(6, '124', 'Everton', 'Giovanella', 3, 6, 5, 7, 7, 8, 'GIOVANELLA', 'Normal'),
(14, '290', 'Glaucio', 'De Jesús Carvalho', 2, 6, 16, 5, 2, 4, 'GLAUCIO', 'Normal'),
(3, '60', 'Javier', 'Gonzalez Gómez', 3, 13, 11, 5, 5, 5, 'GONZALEZ', 'Ni idea'),
(21, '421', 'Xavier', 'Gracia', 3, 13, 6, 3, 5, 4, 'GRACIA', 'Normal'),
(14, '276', 'Patricio', 'Graff', 1, 1, 29, 3, 4, 2, 'GRAFF', 'Normal'),
(14, '286', 'Emir', 'Granov', 2, 5, 12, 5, 4, 4, 'GRANOV', 'Normal'),
(21, '427', 'Antonio', 'Guayre Betancor', 2, 13, 19, 8, 7, 8, 'GUAYRE', 'Normal'),
(3, '59', 'Julen', 'Guerrero López', 3, 13, 8, 6, 5, 6, 'GUERRERO', 'Alma del Bilbao, jugador clave, poco luchador, pero con calidad, al final de su carrera'),
(15, '295', 'Zuhaitz', 'Gurrutxaga Loiola', 1, 13, 15, 4, 3, 4, 'GURRUTXAGA', 'Normal'),
(6, '125', 'Pablo', 'Gustavo Lopez', 3, 1, 11, 9, 7, 8, 'GUSTAVO LOPEZ', 'Normal'),
(1, '15', 'Jose', 'Maria Gutierrez', 3, 13, 14, 7, 6, 6, 'GUTI', 'Mucha calidad, poco trabajo fisico pero con buena visión de juego, eterno suplente'),
(19, '402', 'John', 'Harold Lozano', 3, 11, 20, 2, 6, 3, 'HAROLD LOZANO', 'Normal'),
(7, '139', 'Hector', 'Berenguer del Pino', 1, 13, 24, 1, 1, 1, 'HECTOR', 'Normal'),
(7, '142', 'Helder', 'Rodrigues Cristovao', 1, 27, 22, 4, 4, 4, 'HELDER', 'Normal'),
(14, '277', 'Helder', 'Manuel Elias Domingo', 3, 27, 24, 4, 2, 3, 'HELDER', 'Normal'),
(14, '273', 'Jean', 'Françoise Hernandez', 1, 13, 17, 5, 6, 5, 'HERNANDEZ', 'Normal'),
(1, '5', 'Fernando', 'Ruiz Hierro', 1, 13, 4, 7, 5, 7, 'HIERRO', 'Jugador mayor, al final de su carrera deportiva, pero un defensa mitico'),
(17, '356', 'Hugo', 'Morales', 2, 1, 10, 5, 7, 5, 'HUGO MORALES', 'Normal'),
(12, '236', 'Ariel Miguel', 'Santiago Ibagaza', 3, 1, 10, 8, 7, 8, 'IBAGAZA', 'Normal'),
(13, '250', 'Iban', 'Pérez Pascual', 1, 13, 3, 4, 5, 5, 'IBAN PEREZ', 'Normal'),
(2, '36', 'Ibon', 'Begoña Zubiarre', 3, 13, 3, 5, 6, 5, 'IBON BEGOÑA', 'Muy buen jugador y buena calidad, muy buena llegada al área'),
(17, '337', 'Ibraihm', 'Jorge Cruz', 4, 13, 25, 1, 1, 1, 'IBRAIHM', 'Normal'),
(15, '304', 'Iñigo', 'Idiakez Barkaiztegui', 3, 13, 18, 7, 7, 7, 'IDIAKEZ', 'Normal'),
(5, '112', 'Viktor', 'Ikpeba', 2, 22, 25, 2, 7, 4, 'IKPEBA', 'Normal'),
(18, '380', 'Adrian', 'Ilie', 2, 28, 11, 8, 6, 7, 'ILIE', 'Normal'),
(5, '107', 'Antonio', 'Alvarez Ito', 3, 13, 15, 7, 7, 8, 'ITO', 'Normal'),
(2, '41', 'Ivan', 'Alonso', 2, 13, 19, 2, 2, 2, 'IVAN ALONSO', 'Buen delantero, sabe buscar y recuperar el balón'),
(1, '6', 'Ivan', 'Campo Ramos', 1, 13, 12, 5, 5, 5, 'IVAN CAMPO', 'Destaca por su rápidez y por su dureza, poca colocación y rapidez'),
(8, '167', 'Ivan', 'Diaz Ruiz', 3, 13, 21, 5, 4, 3, 'IVAN DIAZ', 'Normal'),
(1, '10', 'Ivan', 'Helguera Bujía', 3, 13, 6, 9, 7, 9, 'IVAN HELGUERA', 'Gran central. Es rápido, con gran colocación y un gran rendimiento físico.  Gran calidad.'),
(14, '278', 'Ivan', 'Iglesias Corteguera', 3, 13, 7, 6, 6, 6, 'IVAN IGLESIAS', 'Normal'),
(13, '263', 'Ivan', 'Rosado Mojarro', 2, 13, 9, 3, 2, 2, 'IVAN ROSADO', 'Normal'),
(11, '207', 'Raúl', 'Iznata Zabala', 1, 13, 6, 4, 4, 4, 'IZNATA', 'Normal'),
(10, '184', 'Jaime Ramón', 'Molina Mata', 1, 13, 23, 5, 4, 4, 'JAIME MOLINA', 'Normal'),
(20, '448', 'Paulo', 'Roberto', 2, 6, 3, 3, 3, 3, 'JAMELLI', 'Normal'),
(15, '312', 'Edgaras', 'Jankauskas', 2, 19, 22, 3, 2, 1, 'JANKAUSKAS', 'Normal'),
(17, '344', 'Javi', 'Lopez', 1, 13, 22, 2, 2, 2, 'JAVI LOPEZ', 'Normal'),
(16, '316', 'Javi', 'Vicente Navarro', 1, 13, 2, 5, 4, 4, 'JAVI NAVARRO', 'Normal'),
(17, '350', 'Javi', 'Venta', 3, 13, 12, 4, 2, 4, 'JAVI VENTA', 'Normal'),
(6, '126', 'Jesus', 'A.Mora Nieto', 3, 13, 20, 8, 6, 5, 'JESULI', 'Normal'),
(19, '401', 'Jesús', 'Sánchez Japón', 3, 13, 16, 3, 5, 3, 'JESUS', 'Normal'),
(5, '108', 'Joaquin', 'Sanchez', 3, 13, 17, 6, 7, 6, 'JOAQUIN', 'Normal'),
(19, '385', 'Jon', 'Ander López', 4, 13, 13, 5, 5, 5, 'JON ANDER', 'Normal'),
(17, '353', 'Jorge', 'Ocaña Jordi', 3, 13, 11, 2, 3, 5, 'JORDI', 'Normal'),
(2, '37', 'Jordi', 'Johan Cruiff', 3, 17, 14, 4, 4, 4, 'JORDI CRUIFF', 'Poca calidad y poco esfuerzo, está jugando por su padre.'),
(10, '193', 'Jorge', 'Larena Avellaneda', 3, 13, 27, 5, 2, 3, 'JORGE', 'Normal'),
(21, '424', 'Jorge', 'López Montaña', 3, 13, 18, 3, 5, 4, 'JORGE LOPEZ', 'Normal'),
(20, '443', 'Jose Ignacio', 'Sáenz Marin', 3, 13, 14, 8, 7, 8, 'JOSE IGNACIO', 'Normal'),
(10, '194', 'José', 'Moreno Verdú', 3, 13, 6, 3, 5, 3, 'JOSICO', 'Normal'),
(18, '383', 'Juan', 'Ginés Sanchez Moreno', 2, 13, 17, 2, 1, 1, 'JUAN SANCHEZ', 'Normal'),
(20, '444', 'Juan', 'Castaño Quirós', 3, 13, 7, 8, 8, 8, 'JUANELE', 'Normal'),
(6, '118', 'Juan Francisco', 'García', 1, 13, 14, 7, 7, 7, 'JUANFRAN', 'Normal'),
(5, '94', 'Juanito', 'Gutierrez', 1, 13, 27, 5, 5, 5, 'JUANITO', 'Normal'),
(20, '429', 'Juan', 'García Inglés', 4, 13, 1, 7, 5, 6, 'JUANMI', 'Normal'),
(16, '317', 'Juanmi', 'Gelabert', 1, 13, 12, 4, 5, 5, 'JUANMI', 'Normal'),
(17, '339', 'Julio José', 'Iglesias Rauget', 4, 13, 13, 4, 4, 4, 'JULIO IGLESIAS', 'Normal'),
(13, '249', 'Francisco Javier', 'Jusué', 1, 13, 5, 4, 4, 4, 'JUSUE', 'Normal'),
(1, '7', 'Aitor', 'Karanka de la hoz', 1, 13, 18, 5, 5, 5, 'KARANKA', 'Jugador lento, pero con gran colocación en el campo, buen defensa'),
(3, '56', 'David', 'Karanka', 3, 13, 21, 5, 4, 5, 'KARANKA', 'El hermano de karanka del madrid que ahora está en Bilbao, balón'),
(2, '29', 'Antonio', 'Karmona Herrera', 1, 13, 5, 4, 4, 4, 'KARMONA', 'Defensa muy duro y al final de su carrera'),
(6, '127', 'Valery', 'Karpin', 3, 29, 8, 7, 7, 8, 'KARPIN', 'Normal'),
(15, '305', 'Dimitri', 'Khokhlov', 3, 29, 19, 5, 8, 5, 'KHOKHLOV', 'Normal'),
(2, '24', 'Enrique', 'Burgos', 4, 13, 25, 2, 2, 5, 'KIKE', 'Portero promesa del futbol español, pero no acaba de encajar'),
(4, '86', 'Patrick', 'Kluivert', 2, 17, 9, 10, 8, 9, 'KLUIVERT', 'Enorme calidad, poco gol, pero con enorme visión de juego y regate, uno contra uno es muy bueno'),
(20, '438', 'Slobodan', 'Komljenovic', 1, 35, 5, 2, 2, 2, 'KOMLJENOVIC', 'Normal'),
(15, '294', 'Bjorn', 'Tore Kvarme', 1, 23, 2, 5, 5, 4, 'KVARME', 'Normal'),
(3, '50', 'Jesús María', 'Lacruz Gómez', 1, 13, 12, 4, 5, 4, 'LACRUZ', 'Defensa con poca calidad, pero es muy duro'),
(3, '46', 'Iñaki', 'Lafuente Sancha', 4, 13, 1, 4, 2, 2, 'LAFUENTE', 'Es que el bilbao...'),
(20, '430', 'César', 'Lainez Sanjuan', 4, 13, 13, 4, 5, 5, 'LAINEZ', 'Normal'),
(3, '51', 'Iñigo', 'Larrainzar Santamaria', 1, 13, 2, 4, 6, 1, 'LARRAINZAR', 'Buen lateral, con rapidez, como debe ser'),
(11, '208', 'Txomin', 'Larrainzar Santamaría', 1, 13, 21, 6, 6, 6, 'LARRAINZAR', 'Normal'),
(11, '217', 'Ivan', 'Leko', 3, 12, 18, 4, 5, 4, 'LEKO', 'Normal'),
(13, '255', 'Angel', 'Lekumberri García', 3, 13, 24, 2, 3, 2, 'LEKUMBERRI', 'Normal'),
(12, '225', 'Leonardo', 'Franco', 4, 1, 25, 8, 7, 8, 'LEO FRANCO', 'Normal'),
(11, '205', 'Carlos Manuel', 'Oliveira Litos', 1, 27, 4, 4, 5, 6, 'LITOS', 'Normal'),
(2, '26', 'Carlos', 'Llorens', 1, 13, 20, 2, 2, 5, 'LLORENS', 'Lateral diestro muy duro en su juego, o pasa el jugador o el balón, nunca juntos'),
(15, '309', 'Joseba', 'Llorente', 3, 13, 16, 4, 5, 5, 'LLORENTE', 'Normal'),
(14, '267', 'Julen', 'Lopetegui Argote', 4, 13, 13, 4, 6, 6, 'LOPETEGUI', 'Normal'),
(15, '297', 'Aitor', 'Lopez Rekarte', 1, 13, 14, 5, 6, 4, 'LOPEZ REKARTE', 'Normal'),
(21, '408', 'Javier', 'López Vallejo', 4, 13, 1, 4, 5, 5, 'LOPEZ VALLEJO', 'Normal'),
(8, '169', 'Alberto', 'Lopo', 3, 13, 4, 4, 5, 2, 'LOPO', 'Normal'),
(15, '298', 'Lorenzo', 'Juarros García', 1, 13, 5, 4, 5, 5, 'LOREN', 'Normal'),
(16, '325', 'Lorenzo', 'Del Pinto', 3, 13, 19, 4, 4, 4, 'LOREN', 'Normal'),
(6, '130', 'Peter', 'Luccin', 3, 15, 22, 4, 4, 4, 'LUCCIN', 'Normal'),
(14, '279', 'Luis', 'Cembranos Martínez', 3, 13, 14, 8, 6, 8, 'LUIS CEMBRANOS', 'Normal'),
(4, '79', 'Luis Enrique', 'Martínez García', 3, 13, 21, 7, 8, 4, 'LUIS ENRIQUE', 'Se ha convertido en una máquina, regate, visión de juego y muy mala leche'),
(19, '404', 'Luis Javier', 'García', 2, 13, 17, 4, 5, 4, 'LUIS GARCIA', 'Normal'),
(16, '334', 'Luis', 'Gil Torres', 2, 13, 15, 2, 3, 3, 'LUIS GIL', 'Normal'),
(5, '95', 'Luis', 'Fernandez', 1, 13, 2, 6, 5, 5, 'LUIS HERNANDEZ', 'Normal'),
(15, '296', 'Luiz', 'Alberto', 1, 6, 6, 4, 6, 5, 'LUIZ ALBERTO', 'Normal'),
(12, '245', 'Alberto', 'Luque Martos', 2, 13, 19, 4, 4, 1, 'LUQUE', 'Normal'),
(17, '345', 'Federico', 'Lussenhoff', 1, 1, 5, 7, 5, 7, 'LUSSENHOFF', 'Normal'),
(2, '43', 'Magno', 'Mocelin', 2, 6, 11, 7, 9, 5, 'MAGNO', 'Muy buen central ofensivo'),
(7, '157', 'Roy', 'Makaay', 2, 17, 7, 4, 5, 6, 'MAKAAY', 'Normal'),
(1, '16', 'Claude', 'Makelele', 3, 15, 24, 6, 6, 6, 'MAKELELE', 'El pulmón del mediocentro, destructor del juego y con buena colocación, además tiene calidad y visión de juego'),
(8, '179', 'Manuel', 'Martinez Manel', 2, 13, 9, 5, 4, 7, 'MANEL', 'Normal'),
(17, '347', 'Jose Manuel', 'Menendez', 3, 13, 6, 5, 5, 4, 'MANEL', 'Normal'),
(7, '143', 'Manuel Pablo', 'García Díaz', 1, 13, 2, 6, 9, 6, 'MANUEL PABLO', 'Normal'),
(18, '363', 'Carlos', 'Marchena', 1, 13, 25, 4, 4, 4, 'MARCHENA', 'Normal'),
(19, '388', 'Alberto', 'Marcos Rey', 1, 13, 3, 5, 5, 5, 'MARCOS', 'Normal'),
(12, '237', 'Marcos', 'Martín de la Fuente', 3, 13, 18, 5, 6, 5, 'MARCOS', 'Normal'),
(20, '445', 'Marcos', 'Vales Illanes', 3, 13, 19, 7, 5, 5, 'MARCOS VALES', 'Normal'),
(19, '403', 'Pedro', 'Mario Alvarez', 3, 13, 5, 5, 5, 5, 'MARIO', 'Normal'),
(16, '326', 'Mario', 'Gutierrez', 3, 13, 17, 5, 5, 5, 'MARIO', 'Normal'),
(17, '357', 'Bruno', 'Marioni', 2, 13, 9, 5, 7, 7, 'MARIONI', 'Normal'),
(17, '354', 'Jose Luis', 'Marti', 3, 13, 17, 4, 5, 5, 'MARTI', 'Normal'),
(2, '25', 'Martin', 'Horacio Herrera', 4, 1, 1, 4, 4, 8, 'MARTIN HERRERA', 'Defensa experto, al final de su carrera, rápido y duro'),
(8, '178', 'Martin Andrés', 'Posse Paz', 2, 1, 11, 7, 6, 5, 'MARTIN POSSE', 'Normal'),
(13, '251', 'Jose Manuel', 'Mateo Azcona', 1, 13, 4, 5, 5, 5, 'MATEO', 'Normal'),
(6, '132', 'Florian', 'Maurice', 2, 15, 9, 5, 5, 5, 'MAURICE', 'Normal'),
(14, '272', 'Mauro', 'García Juncal', 1, 13, 19, 5, 4, 4, 'MAURO', 'Normal'),
(7, '153', 'Mauro', 'Da Silva Gómes', 3, 6, 6, 7, 4, 5, 'MAURO SILVA', 'Normal'),
(6, '134', 'Benni', 'McCarthy', 2, 30, 17, 4, 4, 4, 'MCARTHY', 'Normal'),
(1, '17', 'Steve', 'McManaman', 3, 16, 8, 6, 6, 6, 'MCMANAMAN', 'Jugador debil fisicamente, buenos centros, pero poca resistencia y sangre'),
(5, '96', 'Juan', 'Merino', 1, 13, 6, 4, 4, 4, 'MERINO', 'Normal'),
(14, '280', 'Miguel Angel', 'Sánchez', 3, 13, 8, 9, 7, 8, 'MICHEL', 'Normal'),
(1, '8', 'Miguel Angel', 'Michel Salgado', 1, 13, 2, 2, 2, 2, 'MICHEL SALGADO', 'Excelente lateral, rápido, con calidad y mucha fuerza'),
(12, '227', 'Miquel', 'Garro Miki', 4, 13, 13, 4, 5, 4, 'MIKI', 'Normal'),
(5, '97', 'Carlos', 'Domingo', 1, 13, 3, 5, 5, 5, 'MINGO', 'Normal'),
(1, '3', 'Oscar', 'Miñambres', 1, 13, 26, 6, 6, 5, 'MIÑAMBRES', 'Lateral Derecho, poca calidad, pero es veloz'),
(12, '230', 'Miquel', 'Soler Sarasols', 1, 13, 3, 4, 6, 3, 'MIQUEL SOLER', 'Normal'),
(18, '381', 'Miguel', 'Ferrer Mista', 2, 13, 24, 4, 5, 4, 'MISTA', 'Normal'),
(16, '335', 'Moisés', 'García León', 2, 13, 16, 2, 2, 3, 'MOISES', 'Normal'),
(7, '135', 'José Francisco', 'Molina Jiménez', 4, 13, 1, 7, 6, 7, 'MOLINA', 'Normal'),
(13, '261', 'Ariel', 'Montenegro', 2, 1, 21, 4, 5, 5, 'MONTENEGRO', 'Normal'),
(8, '161', 'Juan Luis', 'Mora Palacios', 4, 13, 1, 7, 6, 5, 'MORA', 'Normal'),
(8, '170', 'Angel', 'Morales Cuevas', 3, 13, 8, 6, 7, 5, 'MORALES', 'Normal'),
(1, '20', 'Fernando', 'Morientes Sánchez', 2, 13, 9, 7, 5, 6, 'MORIENTES', 'Gran delantero, luchador y con olfato de gol, jugador de área'),
(6, '128', 'Alexander', 'Mostovoi', 3, 29, 10, 10, 7, 10, 'MOSTOVOI', 'Normal'),
(1, '21', 'Pedro', 'Munitis Alvarez', 2, 13, 23, 2, 2, 2, 'MUNITIS', 'Jugador Tosco y con regate raro.  Poca visión de juego'),
(8, '166', 'Catalin', 'Munteanu', 3, 28, 20, 4, 5, 5, 'MUNTEANU', 'Normal'),
(11, '215', 'Kizito', 'Musampa', 3, 17, 11, 5, 5, 5, 'MUSAMPA', 'Normal'),
(10, '182', 'Nacho', 'Gónzalez', 4, 1, 25, 5, 5, 4, 'NACHO GONZALEZ', 'Normal'),
(12, '231', 'Miguel Angel', 'Nadal', 1, 13, 20, 7, 6, 7, 'NADAL', 'Normal'),
(8, '163', 'Mario', 'Esteban Navas', 1, 1, 18, 4, 5, 5, 'NAVAS', 'Normal'),
(7, '144', 'Nourredime', 'Naybet', 1, 20, 4, 5, 5, 5, 'NAYBET', 'Normal'),
(16, '320', 'Zoran', 'Njegus', 1, 35, 5, 1, 1, 1, 'NJEGUS', 'Normal'),
(16, '313', 'Antonio', 'Notario', 4, 13, 13, 3, 2, 2, 'NOTARIO', 'Normal'),
(12, '238', 'Alvaro', 'Novo Ramírez', 3, 13, 16, 5, 4, 5, 'NOVO', 'Normal'),
(7, '136', 'Nuno', 'Herlandes Simoes', 4, 27, 13, 5, 5, 7, 'NUNO', 'Normal'),
(12, '232', 'Javier', 'Olaizola Rodríguez', 1, 13, 14, 7, 7, 7, 'OLAIZOLA', 'Normal'),
(13, '252', 'Rafael', 'Olarra', 1, 10, 16, 4, 3, 4, 'OLARRA', 'Normal'),
(10, '185', 'Tomás', 'Olias Gutiérrez', 1, 13, 2, 2, 3, 1, 'OLIAS', 'Normal'),
(16, '327', 'Andrés', 'Nicolas Olivera', 3, 34, 11, 4, 4, 3, 'OLIVERA', 'Normal'),
(16, '314', 'Frode', 'Olsen', 4, 23, 1, 5, 4, 4, 'OLSEN', 'Normal'),
(3, '52', 'Pablo', 'Orbaiz Lesaca', 1, 13, 16, 5, 5, 5, 'ORBAIZ', 'Ni idea de quien es'),
(10, '199', 'Orlando', 'Suarez Azofra', 2, 13, 9, 5, 3, 3, 'ORLANDO', 'Normal'),
(8, '171', 'Oscar', 'García Junyent', 3, 13, 6, 7, 5, 6, 'OSCAR', 'Normal'),
(3, '53', 'Oscar', 'Vales Vareta', 1, 13, 7, 7, 8, 5, 'OSCAR VALES', 'Me suena su nombre, perono tengo ni idea ahora mismo'),
(4, '87', 'Marc', 'Overmars', 2, 17, 11, 8, 9, 8, 'OVERMARS', 'Extremo zurdo muy rápido, buena calidad, pero no es buen pasador, tiene gol'),
(2, '38', 'Pablo', 'Gómez', 3, 13, 10, 4, 3, 2, 'PABLO', 'Pos tampoco sé'),
(20, '433', 'Pablo Javier', 'Diaz Stalla', 1, 13, 16, 5, 5, 5, 'PABLO', 'Normal'),
(16, '318', 'Pablo', 'Alfaro', 1, 13, 24, 4, 4, 4, 'PABLO ALFARO', 'Normal'),
(10, '195', 'Pablo', 'Ballesteros Lago', 3, 13, 8, 4, 6, 6, 'PABLO LAGO', 'Normal'),
(17, '346', 'Pablo', 'Paz', 1, 1, 4, 5, 2, 2, 'PABLO PAZ', 'Normal'),
(14, '281', 'Pablo', 'Sanz Iniesta', 3, 13, 22, 5, 6, 5, 'PABLO SANZ', 'Normal'),
(20, '434', 'Francisco', 'Jiménez Martín', 1, 13, 23, 8, 7, 8, 'PACO', 'Normal'),
(13, '260', 'César', 'Palacios Chocarro', 3, 13, 8, 4, 4, 4, 'PALACIOS', 'Normal'),
(8, '177', 'Juan Francisco', 'Palencia Fernandez', 2, 21, 15, 5, 6, 5, 'PALENCIA', 'Normal'),
(21, '426', 'Martín', 'Palermo', 2, 1, 9, 6, 6, 5, 'PALERMO', 'Normal'),
(18, '362', 'Andrés', 'Palop Cervera', 4, 13, 13, 7, 7, 7, 'PALOP', 'Normal'),
(7, '158', 'Walter', 'Gerardo Pandiani', 2, 34, 17, 3, 2, 3, 'PANDIANI', 'Normal'),
(10, '186', 'Francisco', 'Vera Fragoso', 1, 13, 5, 2, 1, 4, 'PAQUI', 'Normal'),
(12, '242', 'Veljko', 'Paunovic', 2, 35, 17, 7, 7, 8, 'PAUNOVIC', 'Normal'),
(18, '370', 'Mauricio', 'Pellegrino', 1, 1, 2, 6, 2, 5, 'PELLEGRINO', 'Normal'),
(19, '389', 'Juan Manuel', 'Peña Montano', 1, 4, 2, 4, 6, 5, 'PEÑA', 'Normal'),
(14, '289', 'Roberto', 'Peragón', 2, 13, 10, 4, 4, 2, 'PERAGON', 'Normal'),
(20, '452', 'Alen', 'Peternac', 2, 12, 21, 1, 2, 2, 'PETERNAC', 'Normal'),
(17, '358', 'Pier', 'Luigi Cherubino', 2, 13, 15, 1, 1, 1, 'PIER', 'Normal'),
(15, '299', 'José Antonio', 'Pikabea Larrarte', 1, 13, 12, 5, 3, 4, 'PIKABEA', 'Normal'),
(6, '114', 'Jose Manuel', 'Pinto Colorado', 4, 13, 13, 5, 6, 6, 'PINTO', 'Normal'),
(16, '328', 'Inti', 'Podesta', 3, 34, 6, 4, 5, 4, 'PODESTA', 'Normal'),
(5, '91', 'Tony', 'Prats', 4, 13, 1, 6, 5, 6, 'PRATS', 'Normal'),
(16, '319', 'Jose Miguel', 'Prieto', 1, 13, 4, 1, 1, 1, 'PRIETO', 'Normal'),
(13, '256', 'Francisco', 'Puñal', 3, 13, 10, 3, 2, 5, 'PUÑAL', 'Normal'),
(4, '73', 'Carles', 'Puyol Saforcada', 1, 13, 24, 4, 7, 4, 'PUYOL', 'Promesa del Barsa, lateral muy rápido y con gran calidad, un hombre clave en la defensa del barsa'),
(14, '282', 'Jose Maria', 'Quevedo Garcia', 3, 13, 9, 7, 5, 6, 'QUEVEDO', 'Normal'),
(21, '414', 'Enrique', 'Carrillo', 1, 13, 15, 4, 4, 4, 'QUIQUE ALVAREZ', 'Normal'),
(21, '422', 'Quique', 'Martín Sanchez', 3, 13, 11, 5, 5, 6, 'QUIQUE MARTIN', 'Normal'),
(11, '203', 'Rafael', 'González Robles', 4, 13, 1, 4, 4, 4, 'RAFA', 'Normal'),
(10, '187', 'Ramón', 'González Expósito', 1, 13, 3, 5, 2, 4, 'RAMON', 'Normal'),
(1, '22', 'Raul', 'González Blanco', 2, 13, 7, 8, 6, 9, 'RAUL', 'El alma del equipo, buen regate, visión de juego y luchador de todos los balones.  Mucha calidad'),
(20, '435', 'César Miguel', 'Rebosio Compans', 1, 26, 2, 4, 4, 4, 'REBOSO', 'Normal'),
(4, '68', 'José Manuel', 'Reina Paéz', 4, 13, 13, 5, 5, 5, 'REINA', 'Promesa del barsa, pero no tiene calidad, está ahí por su papa'),
(4, '74', 'Michael', 'Reiziger', 1, 17, 2, 3, 8, 3, 'REIZIGER', 'El eslabón perdido del hombre, muy feo y con gran rápidez, no es duro, pero se coloca muy bien'),
(19, '386', 'Ricardo', 'López Felipe', 4, 13, 1, 4, 5, 4, 'RICARDO', 'Normal'),
(19, '391', 'Pablo Javier', 'Richetti', 1, 1, 18, 7, 4, 5, 'RICHETTI', 'Normal'),
(4, '88', 'Vitor', 'Borba Ferreira', 2, 6, 10, 10, 7, 9, 'RIVALDO', 'Es un crack, calidad a raudales, tiro, regate y visión de juego, pero no es Zizou y está acabado, que pena para el Barsa'),
(5, '98', 'David', 'Rivas', 1, 13, 18, 5, 8, 4, 'RIVAS', 'Normal'),
(13, '258', 'Gerardo', 'Damian Rivero', 3, 1, 19, 4, 5, 4, 'RIVERO', 'Normal'),
(12, '226', 'Carlos', 'Angel Roa', 4, 1, 1, 8, 8, 8, 'ROA', 'Normal'),
(1, '9', 'Roberto Carlos', 'da Silva', 1, 6, 3, 8, 9, 7, 'ROBERTO CARLOS', 'Lateral Izquierdo con un gran disparo y una rapidez tremenda. Muy ofensivo'),
(3, '54', 'Roberto', 'Rios Patus', 1, 13, 14, 4, 5, 4, 'ROBERTO RIOS', 'Jugador al final de su carrera, mediocentro duro y no falto de clase y colocación. Lento'),
(12, '239', 'Julián', 'Robles García', 3, 13, 22, 5, 6, 6, 'ROBLES', 'Normal'),
(4, '80', 'Fabio', 'Rochemback', 3, 6, 15, 5, 8, 5, 'ROCHEMBACK', 'Es un asesino en el campo, jugador muy duro y con nada de calidad'),
(8, '172', 'Roger', 'García Junyent', 3, 13, 24, 7, 6, 7, 'ROGER', 'Normal'),
(11, '209', 'Roberto', 'Rojas González', 1, 13, 2, 4, 4, 2, 'ROJAS', 'Normal'),
(11, '219', 'Clever', 'Marcelo Romero', 3, 34, 14, 4, 5, 5, 'ROMERO', 'Normal'),
(7, '145', 'Enrique', 'Fernandez Romero', 1, 13, 3, 5, 6, 6, 'ROMERO', 'Normal'),
(8, '164', 'Pablo Oscar', 'Rotchen', 1, 1, 3, 4, 4, 5, 'ROTCHEN', 'Normal'),
(11, '210', 'Miguel Angel', 'Roteta Lopetegui', 1, 13, 5, 2, 5, 2, 'ROTETA', 'Normal'),
(14, '283', 'Eric', 'Roy', 3, 15, 15, 5, 6, 5, 'ROY', 'Normal'),
(11, '216', 'Francisco Javier', 'Ruano Bausán', 3, 13, 8, 1, 1, 1, 'RUANO', 'Normal'),
(2, '42', 'Rubén', 'Navarro Mendez', 2, 1, 10, 6, 6, 6, 'RUBEN NAVARRO', 'Gran delantero, buena calidad'),
(18, '373', 'Javier', 'Pérez Rufete', 3, 13, 19, 7, 7, 7, 'RUFETE', 'Normal'),
(13, '265', 'Sabino', 'Sánchez Parra', 2, 13, 18, 5, 5, 5, 'SABINO', 'Normal'),
(18, '382', 'Salvador', 'Ballesta', 2, 13, 9, 3, 2, 3, 'SALVA', 'Normal'),
(10, '197', 'Vincent', 'Samways', 3, 16, 18, 4, 5, 4, 'SAMWAYS', 'Normal'),
(11, '218', 'Carlos', 'Alejandro Sierra', 3, 13, 23, 7, 5, 7, 'SANDRO', 'Normal'),
(19, '392', 'José Luis', 'Santamaria Buitrago', 1, 13, 6, 7, 5, 5, 'SANTAMARIA', 'Normal'),
(13, '246', 'Richard', 'Sanzol', 4, 13, 1, 5, 3, 5, 'SANZOL', 'Normal'),
(10, '188', 'Koldo', 'Sarasua Gamazo', 1, 13, 4, 5, 5, 5, 'SARASUA', 'Normal'),
(2, '39', 'Iker', 'Sarriegui', 3, 13, 28, 5, 4, 5, 'SARRIEGUI', 'Ni idea de quien es este.'),
(1, '23', 'Savio', 'Bortolini Pimentel', 2, 6, 11, 7, 8, 5, 'SAVIO', 'Zurdo brasileño con buen disparo, pero su principal característica es el regate uno contra uno'),
(4, '84', 'Javier', 'Saviola', 2, 1, 7, 8, 8, 8, 'SAVIOLA', 'Jugador muy veloz y letal en el área, muy bueno en el uno contra uno'),
(7, '148', 'Lionel', 'Sebastian Scaloni', 3, 1, 12, 4, 4, 4, 'SCALONI', 'Normal'),
(10, '183', 'Gabi', 'Schurrer', 1, 1, 24, 4, 5, 5, 'SCHURRER', 'Normal'),
(10, '198', 'Marcos', 'Sequeiros', 2, 13, 11, 3, 6, 3, 'SEQUEIROS', 'Normal'),
(4, '75', 'Sergi', 'Barjuán Esclusa', 1, 13, 12, 4, 8, 3, 'SERGI', 'Jugador en el final de su carrera, rápido y ofensivo'),
(6, '119', 'Sergio', 'Fernández González', 1, 13, 21, 5, 5, 5, 'SERGIO', 'Normal'),
(7, '146', 'Sergio', 'González Soriano', 3, 13, 16, 6, 6, 6, 'SERGIO', 'Normal'),
(17, '338', 'Sergio', 'Aragoneses', 4, 13, 1, 2, 2, 2, 'SERGIO', 'Normal'),
(14, '285', 'Josep', 'Setvalls Morera', 3, 13, 23, 5, 4, 4, 'SETVALLS', 'Normal'),
(17, '359', 'Igor', 'Simutenkov', 2, 29, 20, 5, 5, 5, 'SIMUTENKOV', 'Normal'),
(12, '233', 'Gustavo', 'Lionel Siviero', 1, 1, 6, 5, 5, 5, 'SIVIERO', 'Normal'),
(17, '355', 'Samuel', 'Slovak', 3, 9, 2, 4, 5, 5, 'SLOVAK', 'Normal'),
(10, '189', 'Juan Carlos', 'Socorro', 3, 13, 10, 4, 4, 3, 'SOCORRO', 'Normal'),
(1, '18', 'Santiago', 'Hernan Solari', 3, 1, 21, 8, 7, 5, 'SOLARI', 'Lateral zurdo muy luchador y con gran calidad. Buen regate, pero le falta visión de juego'),
(8, '165', 'Antoni', 'Soldevilla Castellsagué', 1, 13, 5, 4, 5, 4, 'SOLDEVILLA', 'Normal'),
(12, '240', 'Francisco', 'Solre Atencia', 3, 13, 15, 4, 3, 3, 'SOLER', 'Normal'),
(20, '436', 'Gary', 'Sundgren', 1, 14, 22, 5, 5, 5, 'SUNDGREN', 'Normal'),
(16, '329', 'José', 'Américo Taira', 3, 27, 14, 3, 2, 2, 'TAIRA', 'Normal'),
(5, '92', 'Washington', 'Tais', 1, 34, 20, 5, 5, 5, 'TAIS', 'Normal'),
(8, '180', 'Raúl', 'Tamudo Montero', 2, 13, 23, 7, 8, 7, 'TAMUDO', 'Normal'),
(15, '307', 'Tayfun', 'Korkut', 3, 32, 8, 4, 5, 5, 'TAYFUN', 'Normal'),
(2, '30', 'Oscar', 'Téllez Gómez', 1, 13, 6, 6, 7, 7, 'TELLEZ', 'Central internacional español, demasiado duro e impetuoso, no se controla'),
(19, '387', 'Manuel', 'Tena López', 1, 13, 12, 4, 5, 4, 'TENA', 'Normal'),
(10, '200', 'Luis', 'García Tevenet', 2, 13, 17, 5, 5, 5, 'TEVENET', 'Normal'),
(3, '61', 'Roberto', 'Martinez', 3, 13, 23, 4, 4, 4, 'TIKO', 'Buena promesa española, tiene un gran disparo y calidad, sabe manejar el balón'),
(16, '336', 'Mariano', 'Ramón Toedtli', 2, 1, 18, 4, 1, 1, 'TOEDTLI', 'Normal'),
(16, '330', 'Tomás', 'Alberto Hervás', 3, 13, 20, 3, 2, 1, 'TOMAS', 'Normal'),
(19, '393', 'Javier', 'Torres Gómez', 1, 13, 8, 4, 4, 4, 'TORRES GOMEZ', 'Normal'),
(19, '407', 'Jorge', 'López Marco', 2, 13, 9, 4, 4, 4, 'TOTE', 'Normal'),
(4, '81', 'Roberto', 'Trashorras', 3, 13, 27, 1, 1, 1, 'TRASHORRAS', 'Debe ser un error, ni idea de quien es'),
(2, '40', 'Jesús', 'Angel Turiel', 3, 13, 21, 1, 1, 1, 'TURIEL', 'Mediapunta con poca calidad'),
(19, '405', 'José Oscar', 'Turu Flores', 2, 1, 23, 8, 5, 9, 'TURU FLORES', 'Normal'),
(21, '415', 'Unai', 'Vergara Diez-Caballero', 1, 13, 24, 5, 6, 5, 'UNAI', 'Normal'),
(21, '409', 'Jesús', 'Unanua', 4, 13, 13, 5, 5, 5, 'UNANUA', 'Normal'),
(13, '247', 'Juan Carlos', 'Unzue', 4, 13, 25, 5, 5, 5, 'UNZUE', 'Normal'),
(14, '275', 'Urbano', 'Santos Palicio', 1, 13, 5, 5, 6, 5, 'URBANO', 'Normal'),
(3, '62', 'Josu', 'Urrutia Tellería', 3, 13, 6, 3, 3, 3, 'URRUTIA', 'Otro más'),
(3, '66', 'Ismael', 'Urzaiz Aranda', 2, 13, 20, 7, 4, 7, 'URZAIZ', 'Delantero grande y tosco, uno de los mejores jugadores de espaldas a la porteria con el balón'),
(6, '129', 'Rogerio', 'Nunes Vagner', 3, 6, 7, 5, 6, 5, 'VAGNER', 'Normal'),
(11, '211', 'Vicente', 'Valcarce Cano', 1, 13, 12, 1, 2, 2, 'VALCARCE', 'Normal'),
(7, '154', 'Juan Carlos', 'Valeron Satana', 3, 13, 21, 9, 6, 9, 'VALERON', 'Normal'),
(8, '173', 'Antonio', 'Velamazan Tejedor', 3, 13, 7, 7, 7, 6, 'VELAMAZAN', 'Normal'),
(6, '120', 'Juan', 'Velasco Damas', 1, 13, 2, 5, 5, 5, 'VELASCO', 'Normal'),
(20, '447', 'Martín', 'Vellisca González', 2, 13, 11, 1, 2, 2, 'VELLISCA', 'Normal'),
(18, '376', 'Vicente', 'Rodriguez Guillen', 3, 13, 14, 9, 8, 9, 'VICENTE', 'Normal'),
(12, '234', 'Vicente', 'Fernández', 3, 13, 21, 6, 6, 3, 'VICENTE', 'Normal'),
(7, '155', 'Victor', 'Sanchéz del Amo', 2, 13, 18, 7, 8, 8, 'VICTOR', 'Normal'),
(16, '331', 'Victor', 'Salas', 3, 13, 9, 4, 4, 4, 'VICTOR', 'Normal'),
(21, '428', 'Victor', 'Fernandez Gutierrez', 2, 13, 21, 5, 8, 5, 'VICTOR', 'Normal'),
(2, '44', 'Jurica', 'Vucko', 2, 12, 23, 4, 7, 4, 'VUCKO', 'Quien es este?'),
(2, '32', 'Richard', 'Witschge', 3, 17, 22, 8, 7, 7, 'WITSCHGE', 'Holandes al final de su carrera, gran calidad y muy buena visión de juego.'),
(15, '308', 'Xabi', 'Alonso', 3, 13, 4, 5, 4, 1, 'XABI ALONSO', 'Normal'),
(4, '83', 'Xavier', 'Hernández Creus', 3, 13, 6, 2, 2, 2, 'XAVI', 'Catalán que intenta emular a guardiola, cosa imposible, no maneja mal el balón'),
(21, '416', 'Xavi', 'Roca Mateo', 1, 13, 20, 4, 5, 6, 'XAVI ROCA', 'Normal'),
(17, '360', 'Francisco', 'Muñoz Xisco', 2, 13, 14, 5, 5, 4, 'XISCO', 'Normal'),
(6, '121', 'Yago', 'Alonso-Fueyo Saco', 1, 7, 23, 6, 5, 6, 'YAGO', 'Normal'),
(13, '253', 'Jose Manuel', 'Yanguas Calleja', 1, 13, 2, 5, 4, 4, 'YANGUAS', 'Normal'),
(3, '63', 'Francisco', 'J.Yeste Navarro', 3, 13, 10, 4, 4, 4, 'YESTE', 'Buen mediapunta, poca calidad en el uno contra uno, pero tiene visión de juego'),
(20, '449', 'Jorge', 'González Díaz', 2, 13, 9, 1, 1, 1, 'YORDI', 'Normal'),
(11, '224', 'Ariel Silvio', 'Zarate Riga', 2, 1, 20, 7, 8, 7, 'ZARATE', 'Normal'),
(1, '11', 'Zinedine', 'Zidane', 3, 15, 5, 10, 8, 10, 'ZIDANE', 'El mejor jugador del mundo.  Tiene clase, regate, visión de juego y calidad.  Es un artista del balón.');

-- --------------------------------------------------------

--
-- Table structure for table `nacionalidad`
--

CREATE TABLE IF NOT EXISTS `nacionalidad` (
  `nac_cod` varchar(20) DEFAULT NULL,
  `nacionalidad` varchar(50) DEFAULT NULL
) ENGINE=MyISAM DEFAULT CHARSET=latin1;

--
-- Dumping data for table `nacionalidad`
--

INSERT INTO `nacionalidad` (`nac_cod`, `nacionalidad`) VALUES
('1', 'ARGENTINA'),
('2', 'AUSTRALIA'),
('3', 'BELGICA'),
('4', 'BOLIVIA'),
('5', 'BOSNIA'),
('6', 'BRASIL'),
('7', 'COSTA DE MARFIL'),
('8', 'CAMERUN'),
('9', 'REPUBLICA CHECA'),
('10', 'CHILE'),
('11', 'COLOMBIA'),
('12', 'CROACIA'),
('13', 'ESPAÑA'),
('14', 'FINLANDIA'),
('15', 'FRANCIA'),
('16', 'INGLATERRA'),
('17', 'HOLANDA'),
('18', 'ITALIA'),
('19', 'LITUANIA'),
('20', 'MARRUECOS'),
('21', 'MEXICO'),
('22', 'NIGERIA'),
('23', 'NORUEGA'),
('24', 'PANAMA'),
('25', 'PARAGUAY'),
('26', 'PERU'),
('27', 'PORTUGAL'),
('28', 'RUMANIA'),
('29', 'RUSIA'),
('30', 'SUDAFRICA'),
('31', 'SUECIA'),
('32', 'TURQUIA'),
('33', 'UKRANIA'),
('34', 'URUGUAY'),
('35', 'YUGOSLAVIA');

-- --------------------------------------------------------

--
-- Table structure for table `posicion`
--

CREATE TABLE IF NOT EXISTS `posicion` (
  `cod_demarc` varchar(20) DEFAULT NULL,
  `demarcacion` varchar(20) DEFAULT NULL
) ENGINE=MyISAM DEFAULT CHARSET=latin1;

--
-- Dumping data for table `posicion`
--

INSERT INTO `posicion` (`cod_demarc`, `demarcacion`) VALUES
('1', 'DEFENSA'),
('2', 'DELANTERO'),
('3', 'MEDIO'),
('4', 'PORTERO');

/*!40101 SET CHARACTER_SET_CLIENT=@OLD_CHARACTER_SET_CLIENT */;
/*!40101 SET CHARACTER_SET_RESULTS=@OLD_CHARACTER_SET_RESULTS */;
/*!40101 SET COLLATION_CONNECTION=@OLD_COLLATION_CONNECTION */;
